Submission id,Participant id,Status,Custom study tncs accepted at,Started at,Completed at,Reviewed at,Archived at,Time taken,Completion code,Total approvals,Primary language,Age,Sex,Ethnicity simplified,Country of birth,Country of residence,Nationality,Language,Student status,Employment status
67e2f9ab9cc33c9b6b3cd220,65609260cdf7ff43bc121cc9,APPROVED,Not Applicable,2025-03-25T18:45:23.223000Z,2025-03-25T19:06:12.814000Z,2025-03-25T19:52:01.439000Z,2025-03-25T19:06:15.293777Z,1250.0,CYZTAQI1,86,English,26,Male,White,United States,United States,United States,English,DATA_EXPIRED,DATA_EXPIRED
67e2f9e1572e76bebef8c377,66cdc82a149ba9c066f670fb,APPROVED,Not Applicable,2025-03-25T18:46:00.546000Z,2025-03-25T19:06:24.973000Z,2025-03-25T19:52:01.838000Z,2025-03-25T19:06:26.540727Z,1225.0,CYZTAQI1,218,English,46,Male,White,United Kingdom,United Kingdom,United Kingdom,English,No,Full-Time
67e2f9ee50ac0d64030ee1f7,65c347be7d456f4e0902823d,APPROVED,Not Applicable,2025-03-25T18:48:44.157000Z,2025-03-25T19:07:50.025000Z,2025-03-25T19:52:18.338000Z,2025-03-25T19:07:52.104456Z,1146.0,CYZTAQI1,685,English,38,Female,White,United Kingdom,United Kingdom,United Kingdom,English,No,Full-Time
67e2f9f9fb2c1a3df7cea562,66840f135d4fce807b86ee00,APPROVED,Not Applicable,2025-03-25T18:46:46.661000Z,2025-03-25T19:06:44.118000Z,2025-03-25T19:52:02.280000Z,2025-03-25T19:06:44.972296Z,1198.0,CYZTAQI1,195,English,37,Male,White,Brazil,United Kingdom,United Kingdom,English,DATA_EXPIRED,Full-Time
67e2f9fe482b43d09729cbf2,5c28e9dfda51990001e3204b,APPROVED,Not Applicable,2025-03-25T18:46:33.930000Z,2025-03-25T19:06:57.274000Z,2025-03-25T19:52:18.684000Z,2025-03-25T19:06:58.111481Z,1224.0,CYZTAQI1,2171,English,40,Female,White,United States,United States,United States,English,No,Full-Time
67e2fa678107acb3ef945ea3,65b68acc71be98a237ceb19d,APPROVED,Not Applicable,2025-03-25T18:48:18.113000Z,2025-03-25T19:17:44.279000Z,2025-03-25T19:52:19.138000Z,2025-03-25T19:17:46.660421Z,1767.0,CYZTAQI1,236,English,19,Female,Asian,Pakistan,United States,Pakistan,English,Yes,Unemployed (and job seeking)
67e2fa6e17f3c41464e4bce1,6344bee5162a79b88400ec7c,APPROVED,Not Applicable,2025-03-25T18:48:25.185000Z,2025-03-25T19:05:30.168000Z,2025-03-25T19:52:02.635000Z,2025-03-25T19:05:32.075152Z,1025.0,CYZTAQI1,1035,English,33,Male,Black,United States,United States,United States,English,DATA_EXPIRED,DATA_EXPIRED
67e2fa6f264cb8fd940a09f3,668ed736a1b8272b324e6c63,RETURNED,Not Applicable,2025-03-25T18:48:33.739000Z,,,2025-03-25T23:11:24.303712Z,,,646,CONSENT_REVOKED,CONSENT_REVOKED,CONSENT_REVOKED,CONSENT_REVOKED,CONSENT_REVOKED,CONSENT_REVOKED,CONSENT_REVOKED,CONSENT_REVOKED,CONSENT_REVOKED,CONSENT_REVOKED
67e2fa8afbe000d5302a310d,6658b1d70a199938231e4be6,APPROVED,Not Applicable,2025-03-25T18:49:02.177000Z,2025-03-25T19:09:17.658000Z,2025-03-25T19:52:19.552000Z,2025-03-25T19:09:21.639054Z,1216.0,CYZTAQI1,209,"English, Other",35,Female,Black,Zimbabwe,United Kingdom,United Kingdom,English,No,Full-Time
67e2fab0be69a58c40a5d6dd,5c51d18698b0ff000110da96,APPROVED,Not Applicable,2025-03-25T18:49:36.691000Z,2025-03-25T19:11:15.096000Z,2025-03-25T19:52:19.916000Z,2025-03-25T19:11:16.637561Z,1299.0,CYZTAQI1,2425,English,41,Female,Mixed,United Kingdom,United Kingdom,United Kingdom,English,DATA_EXPIRED,DATA_EXPIRED
67e2fad0ed96d0a9de2c7343,6401f203db9efef5b64cd588,APPROVED,Not Applicable,2025-03-25T18:50:03.918000Z,2025-03-25T19:09:53.993000Z,2025-03-25T19:52:20.308000Z,2025-03-25T19:09:54.661288Z,1191.0,CYZTAQI1,116,English,47,Female,White,United Kingdom,United Kingdom,United Kingdom,English,No,Part-Time
67e2fae46916b66f4e6f5be3,5f21fe68039e0e45fabc19af,RETURNED,Not Applicable,2025-03-25T18:50:32.628000Z,,,2025-03-25T23:11:24.308787Z,,,877,CONSENT_REVOKED,CONSENT_REVOKED,CONSENT_REVOKED,CONSENT_REVOKED,CONSENT_REVOKED,CONSENT_REVOKED,CONSENT_REVOKED,CONSENT_REVOKED,CONSENT_REVOKED,CONSENT_REVOKED
67e2faeabab96b067c6277b1,6339ef9db2af9dd1475f9187,APPROVED,Not Applicable,2025-03-25T18:50:25.700000Z,2025-03-25T19:20:03.318000Z,2025-03-25T19:52:20.663000Z,2025-03-25T19:20:05.781626Z,1778.0,CYZTAQI1,709,English,61,Female,White,United States,United States,United States,English,No,"Not in paid work (e.g. homemaker', 'retired or disabled)"
67e2faf4ff5f2cb108da069c,5a2ea69555ff700001ab7c81,APPROVED,Not Applicable,2025-03-25T18:51:16.617000Z,2025-03-25T19:13:59.622000Z,2025-03-25T19:52:02.973000Z,2025-03-25T19:14:01.436217Z,1364.0,CYZTAQI1,1121,English,41,Male,White,United Kingdom,United Kingdom,United Kingdom,English,Yes,Full-Time
67e2faf738e37a327553e994,67a354e4a190bfc467c9b5c1,APPROVED,Not Applicable,2025-03-25T18:50:37.570000Z,2025-03-25T19:10:13.162000Z,2025-03-25T19:52:21.043000Z,2025-03-25T19:10:14.927101Z,1176.0,CYZTAQI1,150,English,41,Female,White,Netherlands,United States,United States,English,No,Unemployed (and job seeking)
67e2fb1058de9b48f10f7003,5c3b5d5e717bc300010afbda,APPROVED,Not Applicable,2025-03-25T18:51:11.190000Z,2025-03-25T19:18:03.244000Z,2025-03-25T19:52:03.371000Z,2025-03-25T19:18:04.180514Z,1613.0,CYZTAQI1,207,English,47,Male,White,United Kingdom,United Kingdom,United Kingdom,English,No,Full-Time
67e2fb4fa68065a9f9f453bf,66ae82bca4c59e1a5327e9c1,APPROVED,Not Applicable,2025-03-25T18:52:32.698000Z,2025-03-25T19:10:11.122000Z,2025-03-25T19:52:21.389000Z,2025-03-25T19:10:13.102945Z,1059.0,CYZTAQI1,370,English,47,Female,White,United States,United States,United States,English,DATA_EXPIRED,DATA_EXPIRED
67e2fb7441cce2f15a1deb46,5ea60beb07183a615a30a2d4,APPROVED,Not Applicable,2025-03-25T18:52:46.747000Z,2025-03-25T19:10:29.124000Z,2025-03-25T19:52:03.726000Z,2025-03-25T19:10:30.290107Z,1063.0,CYZTAQI1,506,English,23,Male,White,United Kingdom,United Kingdom,United Kingdom,English,DATA_EXPIRED,DATA_EXPIRED
67e2fb7efa5ab8f3051f7650,63eb52da0490f2bb8056be48,RETURNED,Not Applicable,2025-03-25T18:52:52.273000Z,,,2025-03-25T23:11:24.320261Z,,,807,CONSENT_REVOKED,CONSENT_REVOKED,CONSENT_REVOKED,CONSENT_REVOKED,CONSENT_REVOKED,CONSENT_REVOKED,CONSENT_REVOKED,CONSENT_REVOKED,CONSENT_REVOKED,CONSENT_REVOKED
67e2fb888107acb3ef945ef5,6317e52a0ba8a60f3075a6ef,APPROVED,Not Applicable,2025-03-25T18:53:02.823000Z,2025-03-25T19:13:38.637000Z,2025-03-25T19:52:21.833000Z,2025-03-25T19:13:39.415910Z,1236.0,CYZTAQI1,760,English,36,Female,White,United Kingdom,United Kingdom,United Kingdom,English,No,"Not in paid work (e.g. homemaker', 'retired or disabled)"
67e2fb8e1b67c03a66032aa1,5f4ac049c374f51158b481ba,APPROVED,Not Applicable,2025-03-25T18:55:14.844000Z,2025-03-25T19:17:26.840000Z,2025-03-25T19:52:04.103000Z,2025-03-25T19:17:30.090713Z,1332.0,CYZTAQI1,2529,English,50,Male,Asian,Pakistan,United Kingdom,United Kingdom,English,DATA_EXPIRED,DATA_EXPIRED
67e2fbe155f73277876207de,6166d5303697f00c3b572066,APPROVED,Not Applicable,2025-03-25T18:54:31.066000Z,2025-03-25T19:26:12.548000Z,2025-03-25T19:52:04.464000Z,2025-03-25T19:26:13.684501Z,1902.0,CYZTAQI1,734,English,41,Male,White,United Kingdom,United Kingdom,United Kingdom,English,DATA_EXPIRED,DATA_EXPIRED
67e2fbeadbc7f3f7db7c87a6,612f283e9023d3527642c7a4,APPROVED,Not Applicable,2025-03-25T18:54:48.243000Z,2025-03-25T19:12:19.959000Z,2025-03-25T19:52:22.173000Z,2025-03-25T19:12:21.340698Z,1052.0,CYZTAQI1,224,English,34,Female,White,United Kingdom,United Kingdom,United Kingdom,English,Yes,Full-Time
67e2fbed3685f474c0b734b6,67db67c66c28b4ffaee188a7,RETURNED,Not Applicable,2025-03-25T18:54:44.115000Z,,,2025-03-25T23:11:24.330566Z,,,32,CONSENT_REVOKED,CONSENT_REVOKED,CONSENT_REVOKED,CONSENT_REVOKED,CONSENT_REVOKED,CONSENT_REVOKED,CONSENT_REVOKED,CONSENT_REVOKED,CONSENT_REVOKED,CONSENT_REVOKED
67e2fc03347a56a978de13c7,6658c6e96600a79b2b5c0741,APPROVED,Not Applicable,2025-03-25T18:55:22.698000Z,2025-03-25T19:17:10.561000Z,2025-03-25T19:52:04.821000Z,2025-03-25T19:17:11.476823Z,1308.0,CYZTAQI1,175,"Albanian, English, Italian",40,Male,White,Albania,United Kingdom,Italy,English,DATA_EXPIRED,DATA_EXPIRED
67e2fc051c9bdbd2a04ccd9a,6107a5be3cbf757b3297d8a1,APPROVED,Not Applicable,2025-03-25T18:55:01.608000Z,2025-03-25T19:12:17.441000Z,2025-03-25T19:52:05.169000Z,2025-03-25T19:12:18.698689Z,1036.0,CYZTAQI1,698,English,40,Male,White,United Kingdom,United Kingdom,United Kingdom,English,DATA_EXPIRED,DATA_EXPIRED
67e2fc2e0f086870444cce5d,63d9f41910c61f3eb102079f,APPROVED,Not Applicable,2025-03-25T19:01:37.955000Z,2025-03-25T19:25:11.454000Z,2025-03-25T19:52:05.495000Z,2025-03-25T19:25:12.111805Z,1414.0,CYZTAQI1,3752,English,34,Male,White,United States,United States,United States,English,DATA_EXPIRED,DATA_EXPIRED
67e2fc306916b66f4e6f5c5b,605e1fc0be766e80d0104df3,APPROVED,Not Applicable,2025-03-25T18:56:00.039000Z,2025-03-25T19:13:27.213000Z,2025-03-25T19:52:22.583000Z,2025-03-25T19:13:28.808637Z,1048.0,CYZTAQI1,1518,English,54,Female,White,United Kingdom,United Kingdom,United Kingdom,English,No,Part-Time
67e2fc853ccfcc02f94d6830,5ea6f14cf0ff0709b0331957,APPROVED,Not Applicable,2025-03-25T19:02:15.271000Z,2025-03-25T19:18:06.810000Z,2025-03-25T19:52:22.950000Z,2025-03-25T19:18:07.607813Z,952.0,CYZTAQI1,657,English,28,Female,Mixed,United Kingdom,United Kingdom,United Kingdom,English,No,Part-Time
67e2fc9c3a024f0b4b208158,5b8c1a2d2c54a1000132d007,APPROVED,Not Applicable,2025-03-25T18:58:25.689000Z,2025-03-25T19:20:53.881000Z,2025-03-25T19:52:05.865000Z,2025-03-25T19:20:54.618019Z,1349.0,CYZTAQI1,1373,English,44,Male,Asian,United Kingdom,United Kingdom,United Kingdom,English,No,Full-Time
67e2fcc5462141f186a685a3,63d7a2d9fb49359b33545e83,APPROVED,Not Applicable,2025-03-25T18:58:25.722000Z,2025-03-25T19:16:47.701000Z,2025-03-25T19:52:25.402000Z,2025-03-25T19:16:48.817655Z,1102.0,CYZTAQI1,41,English,41,Female,White,United Kingdom,United Kingdom,United Kingdom,English,No,"Not in paid work (e.g. homemaker', 'retired or disabled)"
67e2fceb7cce65399e8c5956,6658b5bc0acc6e0ea88982be,APPROVED,Not Applicable,2025-03-25T18:59:20.993000Z,2025-03-25T19:21:49.843000Z,2025-03-25T19:52:06.366000Z,2025-03-25T19:21:50.776746Z,1349.0,CYZTAQI1,222,English,23,Male,Mixed,United Kingdom,United Kingdom,United Kingdom,English,No,Full-Time
67e2fd138802b87903761bff,570ff6c4736f6a00095576c7,APPROVED,Not Applicable,2025-03-25T19:01:02.067000Z,2025-03-25T19:21:31.514000Z,2025-03-25T19:52:25.726000Z,2025-03-25T19:21:32.240288Z,1230.0,CYZTAQI1,797,English,36,Female,White,United Kingdom,United Kingdom,United Kingdom,English,Yes,Part-Time
67e2fd25e9be2c240e77409a,5cec8e27b5a9d90019c090d6,APPROVED,Not Applicable,2025-03-25T18:59:54.723000Z,2025-03-25T19:17:04.888000Z,2025-03-25T19:52:26.069000Z,2025-03-25T19:17:05.704509Z,1031.0,CYZTAQI1,910,English,27,Female,White,United Kingdom,United Kingdom,United Kingdom,English,DATA_EXPIRED,DATA_EXPIRED
67e2fd33bab96b067c627820,65e1fc8e3dcd357b05a330f8,APPROVED,Not Applicable,2025-03-25T19:01:09.216000Z,2025-03-25T19:26:44.442000Z,2025-03-25T19:52:26.426000Z,2025-03-25T19:26:45.887194Z,1536.0,CYZTAQI1,547,English,55,Female,White,United States,United States,United States,English,No,Part-Time
67e2fd3d770483752c7386b9,62b35a7d9d9cd966ebcf3ef8,APPROVED,Not Applicable,2025-03-25T19:00:25.250000Z,2025-03-25T19:31:32.233000Z,2025-03-25T19:52:26.787000Z,2025-03-25T19:31:33.162224Z,1867.0,CYZTAQI1,3955,English,63,Female,White,United States Minor Outlying Islands,United States,United States,English,No,Part-Time
67e2fd461d042bae7c4c59ae,67d34a0adaf54e3354cf2b1c,APPROVED,Not Applicable,2025-03-25T19:00:59.773000Z,2025-03-25T19:26:51.677000Z,2025-03-25T19:52:27.296000Z,2025-03-25T19:26:53.610603Z,1552.0,CYZTAQI1,69,English,23,Female,Mixed,United States,United States,United States,English,Yes,Part-Time
67e2fd4ae472599c28251923,5eab3b7d9c169a10654fef99,APPROVED,Not Applicable,2025-03-25T19:00:32.043000Z,2025-03-25T19:16:30.060000Z,2025-03-25T19:52:27.978000Z,2025-03-25T19:16:31.052012Z,959.0,CYZTAQI1,71,English,38,Female,White,United Kingdom,United Kingdom,United Kingdom,English,No,Full-Time
67e2fd64c88bdbc8fe934c79,5c56550e54f9d30001db7f50,RETURNED,Not Applicable,2025-03-25T19:00:56.976000Z,,,2025-03-25T23:11:24.334439Z,,,1911,CONSENT_REVOKED,CONSENT_REVOKED,CONSENT_REVOKED,CONSENT_REVOKED,CONSENT_REVOKED,CONSENT_REVOKED,CONSENT_REVOKED,CONSENT_REVOKED,CONSENT_REVOKED,CONSENT_REVOKED
67e2fd71fd4a33eee08d7560,5fea2970cbe0699d90756fd7,APPROVED,Not Applicable,2025-03-25T19:01:17.527000Z,2025-03-25T19:19:46.590000Z,2025-03-25T19:52:07.768000Z,2025-03-25T19:19:47.824896Z,1110.0,CYZTAQI1,884,English,43,Male,White,United Kingdom,United Kingdom,United Kingdom,English,No,Full-Time
67e2fd79652198cd76e98252,5dea7a7df87f5519e686ff7b,RETURNED,Not Applicable,2025-03-25T19:01:25.407000Z,,,2025-03-25T23:11:24.350830Z,,,5296,CONSENT_REVOKED,CONSENT_REVOKED,CONSENT_REVOKED,CONSENT_REVOKED,CONSENT_REVOKED,CONSENT_REVOKED,CONSENT_REVOKED,CONSENT_REVOKED,CONSENT_REVOKED,CONSENT_REVOKED
67e2fde21c9bdbd2a04ccdf9,59c6678c5535800001a8e279,APPROVED,Not Applicable,2025-03-25T19:03:04.652000Z,2025-03-25T19:52:24.889000Z,2025-03-25T19:52:48.810000Z,2025-03-25T19:52:25.549304Z,2961.0,CYZTAQI1,208,English,37,Male,White,United Kingdom,United Kingdom,United Kingdom,English,No,Full-Time
67e2fdf25ae7b0baba0d0492,6658b1e184cb793eeaa03fbc,RETURNED,Not Applicable,2025-03-25T19:03:22.699000Z,,,2025-03-25T23:11:24.358475Z,,,242,CONSENT_REVOKED,CONSENT_REVOKED,CONSENT_REVOKED,CONSENT_REVOKED,CONSENT_REVOKED,CONSENT_REVOKED,CONSENT_REVOKED,CONSENT_REVOKED,CONSENT_REVOKED,CONSENT_REVOKED
67e2fe0cf2a42bfa016f5ceb,6658d57e96aa5518f7414d69,APPROVED,Not Applicable,2025-03-25T19:04:13.393000Z,2025-03-25T19:23:52.074000Z,2025-03-25T19:52:28.671000Z,2025-03-25T19:23:54.008882Z,1179.0,CYZTAQI1,406,English,25,Female,Black,United Kingdom,United Kingdom,United Kingdom,English,No,Unemployed (and job seeking)
67e2fe945070686aff7e34fe,63cbb8558020630f2a5670e3,APPROVED,Not Applicable,2025-03-25T19:06:12.482000Z,2025-03-25T19:26:28.312000Z,2025-03-25T19:52:29.063000Z,2025-03-25T19:26:31.398028Z,1216.0,CYZTAQI1,567,English,53,Female,White,United Kingdom,United Kingdom,United Kingdom,English,DATA_EXPIRED,DATA_EXPIRED
67e2fe9dd67fc26cf0e4be6a,6569e8fe3557614aa30a5295,APPROVED,Not Applicable,2025-03-25T19:06:15.022000Z,2025-03-25T19:26:58.033000Z,2025-03-25T19:52:08.383000Z,2025-03-25T19:26:58.951462Z,1244.0,CYZTAQI1,383,English,34,Male,White,United Kingdom,United Kingdom,United Kingdom,English,No,Full-Time
67e2feac9f4594a72a2085c6,663946a39d964bfc1e2e794e,APPROVED,Not Applicable,2025-03-25T19:10:12.458000Z,2025-03-25T19:27:51.970000Z,2025-03-25T19:52:08.762000Z,2025-03-25T19:27:53.102472Z,1060.0,CYZTAQI1,201,English,31,Male,White,United Kingdom,United Kingdom,United Kingdom,English,No,Full-Time
67e2ff027e4de2bce3b88958,676a9b211664b1f6c32244af,APPROVED,Not Applicable,2025-03-25T19:09:40.898000Z,2025-03-25T19:30:54.341000Z,2025-03-25T19:52:09.142000Z,2025-03-25T19:30:56.197274Z,1274.0,CYZTAQI1,75,English,44,Male,Asian,United Kingdom,United Kingdom,United Kingdom,English,No,Unemployed (and job seeking)
67e2ff14d806147d5608d405,66c4ed68df042675aa0b3143,APPROVED,Not Applicable,2025-03-25T19:08:12.874000Z,2025-03-25T19:26:33.487000Z,2025-03-25T19:52:09.509000Z,2025-03-25T19:26:34.587527Z,1101.0,CYZTAQI1,178,English,50,Male,White,United Kingdom,United Kingdom,United Kingdom,English,No,DATA_EXPIRED
67e2ff56db4b218bbf7c8886,65abe6bb659c1c810912c653,APPROVED,Not Applicable,2025-03-25T19:09:22.052000Z,2025-03-25T19:26:46.445000Z,2025-03-25T19:52:09.888000Z,2025-03-25T19:26:47.535769Z,1045.0,CYZTAQI1,92,English,32,Male,Mixed,United Kingdom,United Kingdom,United Kingdom,English,No,Full-Time
67e2ff764d9061f115b3c11f,67605405bfd9f40dd7ca2a24,APPROVED,Not Applicable,2025-03-25T19:09:48.199000Z,2025-03-25T19:26:06.654000Z,2025-03-25T19:52:10.386000Z,2025-03-25T19:26:08.946848Z,979.0,CYZTAQI1,50,English,41,Male,White,United Kingdom,United Kingdom,United Kingdom,English,No,Part-Time
67e2ff7e17345b454f945eb3,5fc18d478a746025809c8d29,RETURNED,Not Applicable,2025-03-25T19:10:12.047000Z,,,2025-03-25T23:11:24.368679Z,,,1722,CONSENT_REVOKED,CONSENT_REVOKED,CONSENT_REVOKED,CONSENT_REVOKED,CONSENT_REVOKED,CONSENT_REVOKED,CONSENT_REVOKED,CONSENT_REVOKED,CONSENT_REVOKED,CONSENT_REVOKED
67e2ff8db124c9f306420b2b,62c63362e7342ad8be294866,APPROVED,Not Applicable,2025-03-25T19:10:26.403000Z,2025-03-25T19:29:39.544000Z,2025-03-25T19:52:10.783000Z,2025-03-25T19:29:40.857278Z,1154.0,CYZTAQI1,4599,English,44,Male,White,United States,United States,United States,English,No,Full-Time
67e2ffa1a68065a9f9f454c0,66a90c2263a2823be078178e,RETURNED,Not Applicable,2025-03-25T19:10:30.162000Z,,,2025-03-25T23:11:24.376848Z,,,497,CONSENT_REVOKED,CONSENT_REVOKED,CONSENT_REVOKED,CONSENT_REVOKED,CONSENT_REVOKED,CONSENT_REVOKED,CONSENT_REVOKED,CONSENT_REVOKED,CONSENT_REVOKED,CONSENT_REVOKED
67e2ffb9222eca031acb997e,59e7276d5de9b000017ed1c1,APPROVED,Not Applicable,2025-03-25T19:12:06.166000Z,2025-03-25T19:53:17.653000Z,2025-03-25T19:53:32.539000Z,2025-03-25T19:53:18.457722Z,2472.0,CYZTAQI1,1923,English,43,Male,Asian,United Kingdom,United Kingdom,United Kingdom,English,No,Part-Time
67e2ffc2a1e49da44d68a49f,678a9908f6f907a073a5be81,RETURNED,Not Applicable,2025-03-25T19:11:19.124000Z,,,2025-03-25T23:11:24.380771Z,,,72,CONSENT_REVOKED,CONSENT_REVOKED,CONSENT_REVOKED,CONSENT_REVOKED,CONSENT_REVOKED,CONSENT_REVOKED,CONSENT_REVOKED,CONSENT_REVOKED,CONSENT_REVOKED,CONSENT_REVOKED
67e3007b3b34bf8715db447f,6560ae1c1cc374fa2049dd0c,APPROVED,Not Applicable,2025-03-25T19:14:17.860000Z,2025-03-25T19:32:49.492000Z,2025-03-25T19:52:29.395000Z,2025-03-25T19:32:50.236595Z,1112.0,CYZTAQI1,86,English,41,Female,White,United Kingdom,United Kingdom,United Kingdom,English,Yes,Full-Time
67e300824bab64d93adfca9d,5cfbca108483c6001530c04a,APPROVED,Not Applicable,2025-03-25T19:15:24.133000Z,2025-03-25T19:36:40.738000Z,2025-03-25T19:52:11.142000Z,2025-03-25T19:36:41.512001Z,1277.0,CYZTAQI1,307,English,37,Male,White,United Kingdom,United Kingdom,United Kingdom,English,No,Full-Time
67e300833343fb1ab1f8a68d,6661b3bccfa516ea302f4556,APPROVED,Not Applicable,2025-03-25T19:14:28.828000Z,2025-03-25T19:34:26.465000Z,2025-03-25T19:52:11.512000Z,2025-03-25T19:34:27.722086Z,1198.0,CYZTAQI1,697,English,38,Male,White,United Kingdom,United Kingdom,United Kingdom,English,No,Full-Time
67e300a8851677c4f8032c38,59a534dc4d25e800012fcd66,APPROVED,Not Applicable,2025-03-25T19:22:07.560000Z,2025-03-25T19:43:55.441000Z,2025-03-25T19:52:29.734000Z,2025-03-25T19:43:55.995812Z,1308.0,CYZTAQI1,1200,English,65,Female,White,United Kingdom,United Kingdom,United Kingdom,English,DATA_EXPIRED,DATA_EXPIRED
67e300b361416426171fe95c,64416ffb0b2219961e4ce181,APPROVED,Not Applicable,2025-03-25T19:16:19.812000Z,2025-03-25T19:33:17.861000Z,2025-03-25T19:52:30.117000Z,2025-03-25T19:33:18.627774Z,1019.0,CYZTAQI1,1162,English,50,Female,DATA_EXPIRED,United Kingdom,United Kingdom,United Kingdom,English,DATA_EXPIRED,DATA_EXPIRED
67e300b80d467d4acb67035b,65a65892e18816ac91f6ebfa,RETURNED,Not Applicable,2025-03-25T19:26:00.723000Z,,,2025-03-25T23:11:24.390513Z,,,187,CONSENT_REVOKED,CONSENT_REVOKED,CONSENT_REVOKED,CONSENT_REVOKED,CONSENT_REVOKED,CONSENT_REVOKED,CONSENT_REVOKED,CONSENT_REVOKED,CONSENT_REVOKED,CONSENT_REVOKED
67e300c3d3c50438bf670a69,67ac7d299f836fc2677cb2b0,APPROVED,Not Applicable,2025-03-25T19:15:15.268000Z,2025-03-25T19:41:43.102000Z,2025-03-25T19:52:11.966000Z,2025-03-25T19:41:43.989585Z,1588.0,CYZTAQI1,61,English,36,Male,Black,United Kingdom,United Kingdom,United Kingdom,English,DATA_EXPIRED,Full-Time
67e300c74bab64d93adfcaae,6643495b44af166c626762cd,APPROVED,Not Applicable,2025-03-25T19:15:26.752000Z,2025-03-25T19:35:36.492000Z,2025-03-25T19:52:12.296000Z,2025-03-25T19:35:37.340155Z,1210.0,CYZTAQI1,347,English,52,Male,White,United Kingdom,United Kingdom,United Kingdom,English,No,Other
67e300e99fa4ae89b3be65f1,5e963318213e530b39739c29,APPROVED,Not Applicable,2025-03-25T19:18:24.469000Z,2025-03-25T19:36:04.412000Z,2025-03-25T19:52:30.476000Z,2025-03-25T19:36:05.638094Z,1060.0,CYZTAQI1,341,English,35,Female,White,United Kingdom,United Kingdom,United Kingdom,English,DATA_EXPIRED,Part-Time
67e300f47a72417d16934f9a,655b735da88032ed25439fd3,TIMED-OUT,Not Applicable,2025-03-25T19:16:19.253000Z,,,2025-03-25T23:11:24.399281Z,14106.0,,26,English,52,Male,White,United Kingdom,United Kingdom,United Kingdom,English,No,Full-Time
67e300fd58de9b48f10f71c9,5435247efdf99b55edc6b367,APPROVED,Not Applicable,2025-03-25T19:17:55.648000Z,2025-03-25T19:35:21.018000Z,2025-03-25T19:52:30.870000Z,2025-03-25T19:35:22.935106Z,1046.0,CYZTAQI1,247,English,60,Female,White,United Kingdom,United Kingdom,Ireland,English,No,Part-Time
67e30101c648c7dfd40edfb4,67294e6f3ec26dd223f79646,RETURNED,Not Applicable,2025-03-25T19:17:37.253000Z,2025-03-25T19:36:05.371000Z,,2025-03-25T23:11:24.453902Z,,CYZTAQI1,321,CONSENT_REVOKED,CONSENT_REVOKED,CONSENT_REVOKED,CONSENT_REVOKED,CONSENT_REVOKED,CONSENT_REVOKED,CONSENT_REVOKED,CONSENT_REVOKED,CONSENT_REVOKED,CONSENT_REVOKED
67e3010a57076257ff42f7aa,653fc352c624ab8543d4e2ff,APPROVED,Not Applicable,2025-03-25T19:17:38.526000Z,2025-03-25T19:38:10.625000Z,2025-03-25T19:52:12.641000Z,2025-03-25T19:38:11.832904Z,1233.0,CYZTAQI1,1098,English,47,Male,White,United States,United States,United States,English,DATA_EXPIRED,DATA_EXPIRED
67e3010c12e8e1b093d8750e,5f1b05a8703c380d1393bb27,APPROVED,Not Applicable,2025-03-25T19:16:53.567000Z,2025-03-25T19:44:48.696000Z,2025-03-25T19:52:31.316000Z,2025-03-25T19:44:49.581907Z,1676.0,CYZTAQI1,1017,"English, Maltese",71,Female,White,Malta,United Kingdom,Malta,English,Yes,"Not in paid work (e.g. homemaker', 'retired or disabled)"
67e3012bc7f84c60c658b4b4,59d1f0fffaf42e00012b6c20,APPROVED,Not Applicable,2025-03-25T19:17:06.315000Z,2025-03-25T19:38:20.524000Z,2025-03-25T19:52:13.104000Z,2025-03-25T19:38:21.617721Z,1275.0,CYZTAQI1,2662,English,56,Male,White,United Kingdom,United Kingdom,United Kingdom,English,No,DATA_EXPIRED
67e3012c9f4594a72a208644,6574b9a3dc00323903d24cb8,RETURNED,Not Applicable,2025-03-25T19:17:09.720000Z,,,2025-03-25T23:11:24.437651Z,,,195,CONSENT_REVOKED,CONSENT_REVOKED,CONSENT_REVOKED,CONSENT_REVOKED,CONSENT_REVOKED,CONSENT_REVOKED,CONSENT_REVOKED,CONSENT_REVOKED,CONSENT_REVOKED,CONSENT_REVOKED
67e3012f9e7b53d4ee9355ca,67d3836f70f7eba205389bba,TIMED-OUT,Not Applicable,2025-03-25T19:17:56.219000Z,,,2025-03-25T23:11:24.456405Z,14009.0,,44,English,26,Female,White,United States,United States,United States,English,No,Part-Time
67e3015b12e8e1b093d87522,616b09ae625c5b31bd3317ac,APPROVED,Not Applicable,2025-03-25T19:17:51.349000Z,2025-03-25T19:36:17.053000Z,2025-03-25T19:52:31.655000Z,2025-03-25T19:36:18.091486Z,1106.0,CYZTAQI1,360,English,43,Female,White,United Kingdom,United Kingdom,United Kingdom,English,No,Part-Time
67e3016672a7917111d3abfd,61268bfae35dcb011f6081b5,RETURNED,Not Applicable,2025-03-25T19:18:12.150000Z,,,2025-03-25T23:11:24.444863Z,,,1886,CONSENT_REVOKED,CONSENT_REVOKED,CONSENT_REVOKED,CONSENT_REVOKED,CONSENT_REVOKED,CONSENT_REVOKED,CONSENT_REVOKED,CONSENT_REVOKED,CONSENT_REVOKED,CONSENT_REVOKED
67e301790f4e249dd66f6a83,5f20817e92b4d83793b52912,APPROVED,Not Applicable,2025-03-25T19:18:27.356000Z,2025-03-25T19:38:16.376000Z,2025-03-25T19:52:32.009000Z,2025-03-25T19:38:17.360215Z,1190.0,CYZTAQI1,2441,English,59,Female,White,United Kingdom,United Kingdom,United Kingdom,English,No,Part-Time
67e3017af802165a642bbab2,676053aaa27cf4aa6163c668,APPROVED,Not Applicable,2025-03-25T19:20:22.777000Z,2025-03-25T19:41:28.001000Z,2025-03-25T19:52:32.412000Z,2025-03-25T19:41:28.671440Z,1266.0,CYZTAQI1,33,English,25,Female,White,United Kingdom,United Kingdom,United Kingdom,English,No,Full-Time
67e301ac846742b3be9f9ebf,66737e62ebcf1b863c85103c,APPROVED,Not Applicable,2025-03-25T19:19:19.448000Z,2025-03-25T19:41:09.075000Z,2025-03-25T19:52:13.517000Z,2025-03-25T19:41:09.970705Z,1310.0,CYZTAQI1,96,English,20,Male,Mixed,United Kingdom,United Kingdom,United Kingdom,English,No,Full-Time
67e301efefe6d2c7176433f3,5c9d88bb2b3c77001744ec1c,APPROVED,Not Applicable,2025-03-25T19:21:05.285000Z,2025-03-25T19:41:58.448000Z,2025-03-25T19:52:14.080000Z,2025-03-25T19:41:59.772335Z,1254.0,CYZTAQI1,3689,English,39,Male,White,United Kingdom,United Kingdom,United Kingdom,English,DATA_EXPIRED,DATA_EXPIRED
67e301fa50ac0d64030ee411,5c44b3fe1bbffd0001014286,APPROVED,Not Applicable,2025-03-25T19:20:26.450000Z,2025-03-25T19:40:40.421000Z,2025-03-25T19:52:14.447000Z,2025-03-25T19:40:40.970056Z,1214.0,CYZTAQI1,2238,English,31,Male,Asian,United Kingdom,United Kingdom,United Kingdom,English,No,Full-Time
67e30214f2b70a83734c59da,60fd00abc3abd38c0302fde8,APPROVED,Not Applicable,2025-03-25T19:20:59.386000Z,2025-03-25T19:35:46.904000Z,2025-03-25T19:52:14.824000Z,2025-03-25T19:35:47.707738Z,888.0,CYZTAQI1,2153,English,31,Male,White,United States,United States,United States,English,DATA_EXPIRED,DATA_EXPIRED
67e3021951dbebef03251ab4,5b14898a30d562000155f1e9,APPROVED,Not Applicable,2025-03-25T19:28:08.901000Z,2025-03-25T19:48:51.023000Z,2025-03-25T19:52:15.866000Z,2025-03-25T19:48:52.898078Z,1243.0,CYZTAQI1,626,English,25,Male,Black,United Kingdom,United Kingdom,United Kingdom,English,No,Full-Time
67e302510e9e3bd8418ea9c9,660af34a8c1982e812803640,APPROVED,Not Applicable,2025-03-25T19:22:04.596000Z,2025-03-25T20:00:02.198000Z,2025-03-25T20:04:18.280000Z,2025-03-25T23:11:24.456264Z,2278.0,CYZTAQI1,182,English,62,Female,White,United States,United States,United States,English,No,Part-Time
67e30259db07d291c7f62ad4,6658b20b88108e97424af682,APPROVED,Not Applicable,2025-03-25T19:22:07.678000Z,2025-03-25T19:38:11.704000Z,2025-03-25T19:52:16.291000Z,2025-03-25T19:38:13.516913Z,965.0,CYZTAQI1,31,English,30,Male,White,United Kingdom,United Kingdom,United Kingdom,English,No,Full-Time
67e30262001550d858c1df60,613b89f37101459d36a4768f,APPROVED,Not Applicable,2025-03-25T19:25:46.383000Z,2025-03-25T19:50:35.994000Z,2025-03-25T19:52:16.765000Z,2025-03-25T19:50:36.726456Z,1490.0,CYZTAQI1,474,"English, Turkish",37,Male,Other,United Kingdom,United Kingdom,United Kingdom,English,No,Full-Time
67e302624e36dc9eb7e6719b,6697c424a4294edb51a3b960,APPROVED,Not Applicable,2025-03-25T19:22:15.916000Z,2025-03-25T19:39:21.796000Z,2025-03-25T19:52:32.796000Z,2025-03-25T19:39:23.012849Z,1026.0,CYZTAQI1,366,English,30,Female,Other,United Kingdom,United Kingdom,United Kingdom,English,DATA_EXPIRED,DATA_EXPIRED
67e3026d3331d79d45de1122,5f11eb333c6e2c0df5b92270,APPROVED,Not Applicable,2025-03-25T19:23:11.309000Z,2025-03-25T19:42:13.908000Z,2025-03-25T19:52:33.136000Z,2025-03-25T19:42:15.192336Z,1143.0,CYZTAQI1,1964,English,24,Female,White,United Kingdom,United Kingdom,United Kingdom,English,No,Unemployed (and job seeking)
67e30286d4191bb58ddb4849,63ea4a7fa7d709c8e7887a93,APPROVED,Not Applicable,2025-03-25T19:22:51.680000Z,2025-03-25T19:46:36.821000Z,2025-03-25T19:52:17.125000Z,2025-03-25T19:46:37.987603Z,1426.0,CYZTAQI1,1901,English,49,Male,White,United Kingdom,United Kingdom,United Kingdom,English,No,Part-Time
67e3029fd933e9ce3bbdf6b8,63d79c183f41a7cedc459122,APPROVED,Not Applicable,2025-03-25T19:23:17.036000Z,2025-03-25T19:41:16.292000Z,2025-03-25T19:52:33.551000Z,2025-03-25T19:41:17.424967Z,1080.0,CYZTAQI1,528,English,28,Female,White,United Kingdom,United Kingdom,United Kingdom,English,No,Due to start a new job within the next month
67e302a4ea84424a962ba038,676053613a0bc18718ea31c1,APPROVED,Not Applicable,2025-03-25T19:23:22.609000Z,2025-03-25T19:56:34.142000Z,2025-03-25T20:04:18.858000Z,2025-03-25T19:56:34.933880Z,1992.0,CYZTAQI1,87,English,22,Female,White,United Kingdom,United Kingdom,United Kingdom,English,No,"Not in paid work (e.g. homemaker', 'retired or disabled)"
67e302bb2fdca1ed3bcfde71,66b7c85b9252dc5ebf63368e,APPROVED,Not Applicable,2025-03-25T19:24:19.864000Z,2025-03-25T19:44:18.078000Z,2025-03-25T19:52:33.944000Z,2025-03-25T19:44:19.011025Z,1199.0,CYZTAQI1,453,English,40,Female,White,United Kingdom,United Kingdom,United Kingdom,English,No,Part-Time
67e302c5834306b0bb22d717,66d31eb1fa387442fa9b006b,APPROVED,Not Applicable,2025-03-25T19:26:21.785000Z,2025-03-25T19:49:03.010000Z,2025-03-25T19:52:35.583000Z,2025-03-25T19:49:03.705425Z,1362.0,NOCODE,314,English,55,Female,White,United Kingdom,United Kingdom,United Kingdom,English,DATA_EXPIRED,DATA_EXPIRED
67e3033d54e0845a340dbf7a,65ae7ac0e8920c4c9a27b63d,APPROVED,Not Applicable,2025-03-25T19:25:55.818000Z,2025-03-25T19:44:34.079000Z,2025-03-25T19:52:35.954000Z,2025-03-25T19:44:34.827658Z,1119.0,CYZTAQI1,481,English,37,Female,White,United Kingdom,United Kingdom,United Kingdom,English,No,Part-Time
67e303458bb570c7abe12f9d,665d7f31a1345956ab238538,APPROVED,Not Applicable,2025-03-25T19:28:55.791000Z,2025-03-25T19:56:13.438000Z,2025-03-25T19:56:17.893000Z,2025-03-25T19:56:14.171076Z,1638.0,CYZTAQI1,284,English,46,Female,White,United Kingdom,United Kingdom,United Kingdom,English,DATA_EXPIRED,DATA_EXPIRED
67e30378462141f186a6876f,5f1301b0bbe07d00090dd94a,APPROVED,Not Applicable,2025-03-25T19:26:48.886000Z,2025-03-25T19:43:03.626000Z,2025-03-25T19:52:17.549000Z,2025-03-25T19:43:05.876797Z,975.0,CYZTAQI1,569,English,36,Male,White,United Kingdom,United Kingdom,United Kingdom,English,No,Full-Time
67e30381150558b5b692c154,6346883183e9dda2b38f6c40,APPROVED,Not Applicable,2025-03-25T19:27:45.328000Z,2025-03-25T19:46:08.386000Z,2025-03-25T19:52:17.949000Z,2025-03-25T19:46:09.151304Z,1104.0,CYZTAQI1,1656,English,29,Male,White,United Kingdom,United Kingdom,United Kingdom,English,Yes,Full-Time
67e3038f5db5ec44356e0816,5ccef4423f15b900199e1ec3,APPROVED,Not Applicable,2025-03-25T19:27:42.002000Z,2025-03-25T19:45:35.290000Z,2025-03-25T19:52:36.279000Z,2025-03-25T19:45:36.856856Z,1074.0,CYZTAQI1,2483,English,51,Female,White,United Kingdom,United Kingdom,United Kingdom,English,No,Part-Time
67e303d44f7a825ca958b600,5ce031fc7f65ee001a985a6b,APPROVED,Not Applicable,2025-03-25T19:28:48.939000Z,2025-03-25T19:42:53.022000Z,2025-03-25T19:52:36.671000Z,2025-03-25T19:42:54.152704Z,845.0,CYZTAQI1,1289,"Esperanto, English",25,Female,Asian,United Kingdom,United Kingdom,United Kingdom,English,DATA_EXPIRED,DATA_EXPIRED
67e30403fcb851daf65343f1,67424c6b07d7d42c5ed0511d,APPROVED,Not Applicable,2025-03-25T19:35:04.047000Z,2025-03-25T19:58:19.834000Z,2025-03-25T20:04:19.348000Z,2025-03-25T19:58:20.759967Z,1396.0,CYZTAQI1,325,English,54,Female,Black,United Kingdom,United Kingdom,United Kingdom,English,No,Full-Time
67e30428fe2bdd1d4b6650b1,6753746b1f8827e2bd586bf0,APPROVED,Not Applicable,2025-03-25T19:30:32.124000Z,2025-03-25T19:48:21.968000Z,2025-03-25T19:52:37.048000Z,2025-03-25T19:48:22.969357Z,1070.0,CYZTAQI1,334,English,32,Female,White,United Kingdom,United Kingdom,United Kingdom,English,No,"Not in paid work (e.g. homemaker', 'retired or disabled)"
67e30441d532f2ddf377079d,602c7d31733e6a57dda83b9d,RETURNED,Not Applicable,2025-03-25T19:30:15.375000Z,,,2025-03-25T23:11:24.498559Z,,,4617,CONSENT_REVOKED,CONSENT_REVOKED,CONSENT_REVOKED,CONSENT_REVOKED,CONSENT_REVOKED,CONSENT_REVOKED,CONSENT_REVOKED,CONSENT_REVOKED,CONSENT_REVOKED,CONSENT_REVOKED
67e304436db32c70ce7db5d6,6413a4a1a6e064ffb173f1ce,APPROVED,Not Applicable,2025-03-25T19:32:16.716000Z,2025-03-25T19:55:28.797000Z,2025-03-25T19:56:20.013000Z,2025-03-25T19:55:29.753176Z,1393.0,CYZTAQI1,1370,English,48,Male,White,United Kingdom,United Kingdom,United Kingdom,English,No,Full-Time
67e304921d9e6c1ce888b309,5a4a93ab35c9d50001fdd082,APPROVED,Not Applicable,2025-03-25T19:31:47.818000Z,2025-03-25T19:50:45.544000Z,2025-03-25T19:52:37.414000Z,2025-03-25T19:50:55.347373Z,1138.0,NOCODE,2232,English,46,Female,White,United Kingdom,United Kingdom,United Kingdom,English,No,Full-Time
67e3049d2b430cfd7d0104bc,5da09f733c3367001a72dec6,APPROVED,Not Applicable,2025-03-25T19:31:48.908000Z,2025-03-25T19:49:01.443000Z,2025-03-25T19:52:37.772000Z,2025-03-25T19:49:02.420638Z,1033.0,CYZTAQI1,1676,English,24,Female,White,United Kingdom,United Kingdom,United Kingdom,English,DATA_EXPIRED,DATA_EXPIRED
67e3055f5a91bfff2c761761,5f160514e2a4062d2a0ded58,APPROVED,Not Applicable,2025-03-25T19:35:16.245000Z,2025-03-25T19:52:23.187000Z,2025-03-25T19:52:50.979000Z,2025-03-25T19:52:23.962533Z,1027.0,CYZTAQI1,2511,English,28,Male,White,United Kingdom,United Kingdom,United Kingdom,English,DATA_EXPIRED,DATA_EXPIRED
67e305610ba5f0a6bb6081ac,6658b1b0d96a48e41e7e971a,APPROVED,Not Applicable,2025-03-25T19:35:11.314000Z,2025-03-25T19:55:09.904000Z,2025-03-25T19:56:25.106000Z,2025-03-25T19:55:11.030136Z,1199.0,CYZTAQI1,483,English,31,Female,White,United Kingdom,United Kingdom,United Kingdom,English,No,Part-Time
67e305a55070686aff7e36c0,5a5c871aac5624000153f89e,APPROVED,Not Applicable,2025-03-25T19:36:14.122000Z,2025-03-25T19:58:12.366000Z,2025-03-25T20:04:16.524000Z,2025-03-25T19:58:13.131147Z,1319.0,CYZTAQI1,1611,English,61,Male,White,United Kingdom,United Kingdom,United Kingdom,English,No,Full-Time
67e305f642cc1627c1e98488,66cc45098cbfd31478519096,RETURNED,Not Applicable,2025-03-25T19:37:42.861000Z,,,2025-03-25T23:11:24.474079Z,,,137,CONSENT_REVOKED,CONSENT_REVOKED,CONSENT_REVOKED,CONSENT_REVOKED,CONSENT_REVOKED,CONSENT_REVOKED,CONSENT_REVOKED,CONSENT_REVOKED,CONSENT_REVOKED,CONSENT_REVOKED
67e306cf0f24ed0e5f3cd589,6776e67290c24dfe448b5f2d,RETURNED,Not Applicable,2025-03-25T19:41:27.811000Z,,,2025-03-25T23:11:24.489652Z,,,174,CONSENT_REVOKED,CONSENT_REVOKED,CONSENT_REVOKED,CONSENT_REVOKED,CONSENT_REVOKED,CONSENT_REVOKED,CONSENT_REVOKED,CONSENT_REVOKED,CONSENT_REVOKED,CONSENT_REVOKED
67e306d672a7917111d3ad89,5c5d36bc034e280001644c3b,APPROVED,Not Applicable,2025-03-25T19:41:17.826000Z,2025-03-25T20:01:29.370000Z,2025-03-25T20:04:19.669000Z,2025-03-25T20:01:30.248246Z,1212.0,CYZTAQI1,3385,English,57,Female,Asian,Zimbabwe,United Kingdom,United Kingdom,English,No,Full-Time
67e306f15dfb2225c29505f5,65cbbbcc5c1ef8b850c91eb5,APPROVED,Not Applicable,2025-03-25T19:41:37.126000Z,2025-03-25T19:59:15.651000Z,2025-03-25T20:04:16.908000Z,2025-03-25T19:59:19.830318Z,1059.0,CYZTAQI1,647,English,67,Male,White,United Kingdom,United Kingdom,United Kingdom,English,No,Part-Time
67e3070af68574c34af5a641,670435f6df9ef06a056c0744,APPROVED,Not Applicable,2025-03-25T19:43:49.865000Z,2025-03-25T20:01:42.079000Z,2025-03-25T20:04:17.303000Z,2025-03-25T20:01:42.749944Z,1073.0,CYZTAQI1,448,English,30,Male,White,United Kingdom,United Kingdom,United Kingdom,English,No,Full-Time
67e30713fcb851daf65344c7,66ea8226df23b24cb53e266a,APPROVED,Not Applicable,2025-03-25T19:42:25.993000Z,2025-03-25T20:09:28.427000Z,2025-03-25T20:10:04.898000Z,2025-03-25T20:09:29.096759Z,1623.0,CYZTAQI1,364,English,64,Male,White,United Kingdom,United Kingdom,United Kingdom,English,No,"Not in paid work (e.g. homemaker', 'retired or disabled)"
67e3071e698ed85d69fdb88c,62e2b5712f1bcd652ce6bff8,APPROVED,Not Applicable,2025-03-25T19:42:28.944000Z,2025-03-25T19:59:53.861000Z,2025-03-25T20:04:17.703000Z,2025-03-25T19:59:54.673365Z,1045.0,CYZTAQI1,1244,English,48,Male,White,United Kingdom,United Kingdom,United Kingdom,English,No,Full-Time
67e30759dd185ed9d3d50629,5f2447bc5eb3020009277023,APPROVED,Not Applicable,2025-03-25T19:48:25.950000Z,2025-03-25T20:07:40.818000Z,2025-03-25T20:10:05.325000Z,2025-03-25T20:07:41.527159Z,1155.0,CYZTAQI1,2524,"English, Gujarati",44,Male,Asian,United Kingdom,United Kingdom,United Kingdom,English,No,Full-Time
67e307804a98ce305517eeee,6785b7dd6705050739feb0ad,APPROVED,Not Applicable,2025-03-25T19:44:06.037000Z,2025-03-25T20:09:06.749000Z,2025-03-25T20:10:05.715000Z,2025-03-25T20:09:07.547643Z,1501.0,CYZTAQI1,235,English,27,Male,Black,Nigeria,United States,Nigeria,English,Yes,Part-Time
67e30786443ef6411d269d3a,67886304e14cde87368e3688,APPROVED,Not Applicable,2025-03-25T19:44:12.102000Z,2025-03-25T20:06:59.930000Z,2025-03-25T20:10:06.129000Z,2025-03-25T20:07:00.638539Z,1368.0,CYZTAQI1,312,English,63,Male,White,United States,United States,United States,English,No,Due to start a new job within the next month
67e3084487b14914052a2a5b,5e2bc60977d2c7208b30a554,RETURNED,Not Applicable,2025-03-25T19:47:21.531000Z,,,2025-03-25T23:11:24.560794Z,,,1833,CONSENT_REVOKED,CONSENT_REVOKED,CONSENT_REVOKED,CONSENT_REVOKED,CONSENT_REVOKED,CONSENT_REVOKED,CONSENT_REVOKED,CONSENT_REVOKED,CONSENT_REVOKED,CONSENT_REVOKED
67e3084dedf3dbec950d8962,5c76ed4a909522000114e278,RETURNED,Not Applicable,2025-03-25T19:58:00.076000Z,,,2025-03-25T23:11:24.564101Z,,,1301,CONSENT_REVOKED,CONSENT_REVOKED,CONSENT_REVOKED,CONSENT_REVOKED,CONSENT_REVOKED,CONSENT_REVOKED,CONSENT_REVOKED,CONSENT_REVOKED,CONSENT_REVOKED,CONSENT_REVOKED
67e308ef3a024f0b4b208426,673e7e6f2cbf961c153d11e3,APPROVED,Not Applicable,2025-03-25T19:50:20.755000Z,2025-03-25T20:12:38.548000Z,2025-03-25T20:18:46.833000Z,2025-03-25T20:12:39.194500Z,1338.0,CYZTAQI1,524,English,51,Male,Black,Nigeria,United States,Nigeria,English,No,DATA_EXPIRED
67e308f0b045558dbc415d59,6150224c57e32a81a27ccb5a,RETURNED,Not Applicable,2025-03-25T20:00:08.131000Z,,,2025-03-25T23:11:24.507047Z,,,1196,CONSENT_REVOKED,CONSENT_REVOKED,CONSENT_REVOKED,CONSENT_REVOKED,CONSENT_REVOKED,CONSENT_REVOKED,CONSENT_REVOKED,CONSENT_REVOKED,CONSENT_REVOKED,CONSENT_REVOKED
67e30982262f998ada53ed1a,6346e117e4e283094ff51b84,APPROVED,Not Applicable,2025-03-25T19:55:54.884000Z,2025-03-25T20:17:28.840000Z,2025-03-25T20:18:47.530000Z,2025-03-25T20:17:29.987667Z,1294.0,CYZTAQI1,1553,English,51,Female,White,United Kingdom,United Kingdom,United Kingdom,English,No,DATA_EXPIRED
67e309e60afe01efa441c8dc,66cfab152c56aa0472529001,APPROVED,Not Applicable,2025-03-25T19:54:57.709000Z,2025-03-25T20:24:12.623000Z,2025-03-25T20:25:29.738000Z,2025-03-25T20:24:13.289466Z,1755.0,CYZTAQI1,622,English,44,Male,White,United Kingdom,United Kingdom,United Kingdom,English,DATA_EXPIRED,DATA_EXPIRED
67e309ee4080e561fa20dbe8,63d9631e251c2e59497256b8,APPROVED,Not Applicable,2025-03-25T19:54:29.078000Z,2025-03-25T20:11:07.085000Z,2025-03-25T20:18:47.210000Z,2025-03-25T20:11:07.999289Z,999.0,CYZTAQI1,344,English,33,Male,White,United Kingdom,United Kingdom,United Kingdom,English,Yes,Full-Time
67e30a42c017aa740c9b9008,5d7f598628843a00181eb444,APPROVED,Not Applicable,2025-03-25T20:00:12.648000Z,2025-03-25T20:28:05.234000Z,2025-03-25T20:30:21.626000Z,2025-03-25T20:28:06.059210Z,1673.0,CYZTAQI1,2879,English,63,Male,White,United Kingdom,United Kingdom,United Kingdom,English,DATA_EXPIRED,DATA_EXPIRED
67e30b614d9061f115b3c3fe,678494040ecf8612a433e58b,APPROVED,Not Applicable,2025-03-25T20:00:40.128000Z,2025-03-25T20:27:45.777000Z,2025-03-25T20:30:24.758000Z,2025-03-25T20:27:46.351770Z,1626.0,CYZTAQI1,249,English,21,Male,Asian,United States,United States,United States,English,Yes,Unemployed (and job seeking)
67e30c6f8b6f646494fd9ae0,67629986c6e5e88e4bc23efb,RETURNED,Not Applicable,2025-03-25T20:05:10.373000Z,,,2025-03-25T23:11:24.606290Z,,,185,CONSENT_REVOKED,CONSENT_REVOKED,CONSENT_REVOKED,CONSENT_REVOKED,CONSENT_REVOKED,CONSENT_REVOKED,CONSENT_REVOKED,CONSENT_REVOKED,CONSENT_REVOKED,CONSENT_REVOKED
67e30d2bc8c7092019f24001,67385e27e364c9e40a5bcba5,APPROVED,Not Applicable,2025-03-25T20:08:40.038000Z,2025-03-25T20:31:39.669000Z,2025-03-25T20:34:03.846000Z,2025-03-25T20:31:40.287847Z,1380.0,CYZTAQI1,34,English,28,Female,Black,Malawi,United Kingdom,United Kingdom,English,No,Full-Time
67e30d3f135bbaaa2f8f5ef6,67dc1fe3dc4be2ef72bf2079,APPROVED,Not Applicable,2025-03-25T20:08:31.467000Z,2025-03-25T20:23:54.586000Z,2025-03-25T20:25:30.776000Z,2025-03-25T20:23:57.516531Z,924.0,CYZTAQI1,22,English,58,Female,Black,United States,United States,United States,English,No,Part-Time
67e30d7a5070686aff7e38b0,66bdfaf566dfad11cf7db0a5,APPROVED,Not Applicable,2025-03-25T20:09:30.363000Z,2025-03-25T20:32:15.326000Z,2025-03-25T20:34:04.236000Z,2025-03-25T20:32:16.125071Z,1365.0,CYZTAQI1,354,English,61,Female,White,United Kingdom,United Kingdom,United Kingdom,English,No,Other
67e30d9a5dfb2225c2950774,5da6b2aca2860400146b8ace,APPROVED,Not Applicable,2025-03-25T20:10:02.014000Z,2025-03-25T20:28:50.941000Z,2025-03-25T20:30:27.450000Z,2025-03-25T20:28:51.860547Z,1129.0,CYZTAQI1,2138,English,52,Male,White,United Kingdom,United Kingdom,United Kingdom,English,No,Part-Time
67e30ed5a68065a9f9f458bb,5d5b4ffc1a12e70018ca1268,APPROVED,Not Applicable,2025-03-25T20:18:01.458000Z,2025-03-25T20:36:49.020000Z,2025-03-25T20:36:58.992000Z,2025-03-25T20:36:49.859977Z,1128.0,CYZTAQI1,3136,English,41,Female,White,United States,United States,United States,English,No,"Not in paid work (e.g. homemaker', 'retired or disabled)"
67e30edebc21cf89012931ae,542c323bfdf99b324ea3808d,APPROVED,Not Applicable,2025-03-25T20:15:26.488000Z,2025-03-25T20:36:26.239000Z,2025-03-25T20:36:35.115000Z,2025-03-25T20:36:26.967644Z,1260.0,CYZTAQI1,3210,English,52,Female,White,United Kingdom,United Kingdom,United Kingdom,English,No,Part-Time
67e30f2fd52eb7aabf7748f9,5e909d6c5321c13abee11725,APPROVED,Not Applicable,2025-03-25T20:16:52.651000Z,2025-03-25T20:40:12.877000Z,2025-03-25T20:46:53.953000Z,2025-03-25T20:40:13.589393Z,1401.0,CYZTAQI1,1283,English,37,Female,White,United Kingdom,United Kingdom,United Kingdom,English,No,Full-Time
67e311a70783680ae90329e2,66e74ca113f609cd2a13df59,APPROVED,Not Applicable,2025-03-25T20:34:37.283000Z,2025-03-25T20:56:08.085000Z,2025-03-25T20:56:13.942000Z,2025-03-25T20:56:08.872055Z,1291.0,CYZTAQI1,840,English,49,Male,White,United States,United States,United States,English,DATA_EXPIRED,DATA_EXPIRED
67e312e91c9bdbd2a04cd2d6,6786488ba7eb23a9f324e386,APPROVED,Not Applicable,2025-03-25T20:32:51.462000Z,2025-03-25T20:53:08.191000Z,2025-03-25T20:53:22.295000Z,2025-03-25T20:53:09.118840Z,1217.0,CYZTAQI1,182,English,31,Female,White,United Kingdom,United Kingdom,United Kingdom,English,Yes,"Not in paid work (e.g. homemaker', 'retired or disabled)"
67e3130230b6491a7ac9f4ea,67cf78059750cd9cdb923060,APPROVED,Not Applicable,2025-03-25T20:33:11.562000Z,2025-03-25T20:46:56.424000Z,2025-03-25T20:50:50.975000Z,2025-03-25T20:46:57.311295Z,825.0,CYZTAQI1,21,English,20,Female,Asian,United Kingdom,United Kingdom,United Kingdom,English,Yes,"Not in paid work (e.g. homemaker', 'retired or disabled)"
67e315daf1b5adc3731d2fc6,660cd7b61a24eeff3eac6e93,APPROVED,Not Applicable,2025-03-25T20:46:44.198000Z,2025-03-25T21:16:40.487000Z,2025-03-25T21:20:09.247000Z,2025-03-25T21:16:41.685649Z,1797.0,CYZTAQI1,1581,English,27,Male,White,United States,United States,United States,English,Yes,Full-Time
67e3218532a32bbb87f24430,668f18dd4e7a89c0d83a8b77,APPROVED,Not Applicable,2025-03-25T21:35:07.029000Z,2025-03-25T22:02:38.005000Z,2025-03-25T22:07:57.910000Z,2025-03-25T22:02:38.868071Z,1651.0,CYZTAQI1,429,English,41,Female,White,United States,United States,United States,English,No,Unemployed (and job seeking)
67e3225b7feeab938e08d776,662d9149f8460cd72e01d8c9,APPROVED,Not Applicable,2025-03-25T21:38:58.124000Z,2025-03-25T22:05:56.101000Z,2025-03-25T22:07:58.223000Z,2025-03-25T22:05:56.777574Z,1618.0,CYZTAQI1,321,English,53,Female,White,United States,United States,United States,English,No,DATA_EXPIRED
67e322bfb90422e586688ef5,6019e00ed94edf15326f30f3,APPROVED,Not Applicable,2025-03-25T21:40:23.095000Z,2025-03-25T22:03:03.017000Z,2025-03-25T22:07:58.515000Z,2025-03-25T22:03:03.699118Z,1360.0,CYZTAQI1,2495,English,52,Female,Asian,United States,United States,United States,English,No,Full-Time
67e323a7fe2bdd1d4b66583f,6726d2f65b85f8447399767c,APPROVED,Not Applicable,2025-03-25T21:44:18.995000Z,2025-03-25T22:06:20.520000Z,2025-03-25T22:07:58.804000Z,2025-03-25T22:06:21.312180Z,1322.0,CYZTAQI1,466,English,55,Female,White,United States,United States,United States,English,No,"Not in paid work (e.g. homemaker', 'retired or disabled)"
67e323f911cdeea39b8ad952,6777c88074566bdef374f9e5,APPROVED,Not Applicable,2025-03-25T21:45:43.228000Z,2025-03-25T22:01:24.484000Z,2025-03-25T22:07:59.131000Z,2025-03-25T22:01:25.783778Z,942.0,CYZTAQI1,36,English,34,Female,White,United Kingdom,United Kingdom,United Kingdom,English,No,Part-Time
67e324df62b5d02bdd8bd925,58641c3bdb3e720001e22831,RETURNED,Not Applicable,2025-03-25T21:49:24.147000Z,,,2025-03-25T23:11:24.572046Z,,,1120,CONSENT_REVOKED,CONSENT_REVOKED,CONSENT_REVOKED,CONSENT_REVOKED,CONSENT_REVOKED,CONSENT_REVOKED,CONSENT_REVOKED,CONSENT_REVOKED,CONSENT_REVOKED,CONSENT_REVOKED
67e3263ff48c724f2a7fc748,5a63950e13898300014b394a,APPROVED,Not Applicable,2025-03-25T21:55:19.796000Z,2025-03-25T22:11:26.820000Z,2025-03-25T22:12:03.061000Z,2025-03-25T22:11:27.415988Z,968.0,CYZTAQI1,27,English,54,Male,Mixed,United States,United States,United States,English,No,"Not in paid work (e.g. homemaker', 'retired or disabled)"
67e32640f48c724f2a7fc74a,57f3b6bfa1100100016d1454,APPROVED,Not Applicable,2025-03-25T21:55:41.734000Z,2025-03-25T22:16:57.643000Z,2025-03-25T22:20:20.992000Z,2025-03-25T22:16:58.365845Z,1276.0,CYZTAQI1,2911,English,45,Male,White,United States,United States,United States,English,No,Full-Time
67e327228999e39e59fac507,66f1ec7df36f2dd11249fbcc,APPROVED,Not Applicable,2025-03-25T21:59:07.712000Z,2025-03-25T22:28:35.136000Z,2025-03-25T22:29:03.344000Z,2025-03-25T22:28:35.899401Z,1768.0,CYZTAQI1,736,English,64,Female,White,United States,United States,United States,English,DATA_EXPIRED,DATA_EXPIRED
67e3289ff2a42bfa016f6b90,674e27302fd72d49e73e902e,RETURNED,Not Applicable,2025-03-25T22:13:40.147000Z,,,2025-03-25T23:11:24.595094Z,,,85,CONSENT_REVOKED,CONSENT_REVOKED,CONSENT_REVOKED,CONSENT_REVOKED,CONSENT_REVOKED,CONSENT_REVOKED,CONSENT_REVOKED,CONSENT_REVOKED,CONSENT_REVOKED,CONSENT_REVOKED
67e329ef2890e84a3ba694a6,66841be7f2373cc77947361f,APPROVED,Not Applicable,2025-03-25T22:11:02.110000Z,2025-03-25T22:29:30.037000Z,2025-03-25T22:43:00.079000Z,2025-03-25T22:29:31.030827Z,1108.0,CYZTAQI1,60,English,21,Female,White,United Kingdom,United Kingdom,United Kingdom,English,Yes,Full-Time
67e32a4268ab699b8922dc6f,669d42910fa18c4fa6220a72,APPROVED,Not Applicable,2025-03-25T22:12:22.704000Z,2025-03-25T22:35:45.760000Z,2025-03-25T22:42:58.750000Z,2025-03-25T22:35:46.421050Z,1404.0,CYZTAQI1,22,English,33,Male,Black,United Kingdom,United Kingdom,United Kingdom,English,No,Full-Time
67e32bc66444217c29279eaf,65c298bf5253915b97025e07,APPROVED,Not Applicable,2025-03-25T22:18:57.501000Z,2025-03-25T22:39:36.088000Z,2025-03-25T22:43:00.461000Z,2025-03-25T22:39:36.886700Z,1239.0,CYZTAQI1,205,English,43,Female,Black,United States,United States,United States,English,Yes,Full-Time
67e32ce520fb5a0e95253dd7,666a5ab622702913c9514d5d,APPROVED,Not Applicable,2025-03-25T22:23:46.792000Z,2025-03-25T22:41:32.889000Z,2025-03-25T22:42:59.742000Z,2025-03-25T22:41:33.481775Z,1067.0,CYZTAQI1,428,English,38,Male,White,United Kingdom,United Kingdom,United Kingdom,English,No,DATA_EXPIRED
67e32d4bb77753c862352bee,57dd3b0e91b7fc0001493db9,APPROVED,Not Applicable,2025-03-25T22:26:03.031000Z,2025-03-25T22:48:55.454000Z,2025-03-25T22:59:25.902000Z,2025-03-25T22:48:56.127114Z,1373.0,CYZTAQI1,2991,English,36,Male,White,United Kingdom,United Kingdom,United Kingdom,English,No,Full-Time
67e32da8494215d7f288bd04,634a343627ec59e8163df30f,RETURNED,Not Applicable,2025-03-25T22:29:37.270000Z,,,2025-03-25T23:11:24.761608Z,,,80,CONSENT_REVOKED,CONSENT_REVOKED,CONSENT_REVOKED,CONSENT_REVOKED,CONSENT_REVOKED,CONSENT_REVOKED,CONSENT_REVOKED,CONSENT_REVOKED,CONSENT_REVOKED,CONSENT_REVOKED
67e32e015e532b123df6361b,5fde8fc3c0e40a651914c261,APPROVED,Not Applicable,2025-03-25T22:28:24.055000Z,2025-03-25T23:00:33.110000Z,2025-03-25T23:03:05.719000Z,2025-03-25T23:00:35.178091Z,1930.0,CYZTAQI1,1937,"English, Spanish",33,Male,White,United Kingdom,United Kingdom,United Kingdom,English,Yes,Part-Time
67e32ec3063fc95d6b41bd32,673e6a5cd5e5d79d03cae5e9,APPROVED,Not Applicable,2025-03-25T22:31:43.370000Z,2025-03-25T22:59:24.983000Z,2025-03-25T22:59:27.268000Z,2025-03-25T22:59:25.762774Z,1662.0,CYZTAQI1,406,English,32,Male,Black,United Kingdom,United Kingdom,United Kingdom,English,Yes,Full-Time
67e32f3066ad9df7e2dbff1a,65b929230cff388d15dd5c4c,APPROVED,Not Applicable,2025-03-25T22:33:42.525000Z,2025-03-25T22:55:23.525000Z,2025-03-25T22:59:30.177000Z,2025-03-25T22:55:24.602618Z,1301.0,CYZTAQI1,2147,English,43,Male,White,United States,United States,United States,English,No,Full-Time
67e33085d351902c4f2c8148,5cfbf333ac28dd00196e807b,RETURNED,Not Applicable,2025-03-25T22:39:30.039000Z,,,2025-03-25T23:11:24.795348Z,,,2142,CONSENT_REVOKED,CONSENT_REVOKED,CONSENT_REVOKED,CONSENT_REVOKED,CONSENT_REVOKED,CONSENT_REVOKED,CONSENT_REVOKED,CONSENT_REVOKED,CONSENT_REVOKED,CONSENT_REVOKED
67e331c6d432feb2418674d1,6643c5d1c53f7ffbef7b96e0,APPROVED,Not Applicable,2025-03-25T22:44:26.991000Z,2025-03-25T23:32:56.629000Z,2025-03-26T06:17:33.186000Z,2025-03-25T23:32:58.215653Z,2910.0,CYZTAQI1,998,English,33,Female,White,United States,United States,United States,English,No,Full-Time
67e3a3e8093d1772d4dfe5ef,67e18e99df4858d4c6564ea6,APPROVED,Not Applicable,2025-03-26T06:51:40.066000Z,2025-03-26T07:28:00.748000Z,2025-03-26T07:28:09.098000Z,2025-03-26T07:28:01.427149Z,2181.0,CYZTAQI1,27,English,29,Male,Black,United States,United States,United States,English,Yes,Part-Time
67e3a4c3706014aed2d52ab1,5cc0c4e88d64a800171f43b3,APPROVED,Not Applicable,2025-03-26T06:55:03.407000Z,2025-03-26T07:13:03.883000Z,2025-03-26T07:16:47.485000Z,2025-03-26T07:13:04.869927Z,1081.0,CYZTAQI1,291,English,54,Male,White,United Kingdom,United Kingdom,United Kingdom,English,No,Full-Time
67e3a59f0813e40ae029eb55,65c68e15fffecdafb948d513,RETURNED,Not Applicable,2025-03-26T06:58:44.943000Z,,,2025-04-08T13:42:39.143638Z,,,99,CONSENT_REVOKED,CONSENT_REVOKED,CONSENT_REVOKED,CONSENT_REVOKED,CONSENT_REVOKED,CONSENT_REVOKED,CONSENT_REVOKED,CONSENT_REVOKED,CONSENT_REVOKED,CONSENT_REVOKED
67e3a5f9a81c5a319a1014a4,5a6b6b34d5d4cb0001d64b8f,APPROVED,Not Applicable,2025-03-26T07:00:23.158000Z,2025-03-26T07:16:29.003000Z,2025-03-26T07:16:52.016000Z,2025-03-26T07:16:29.662125Z,966.0,CYZTAQI1,2273,English,48,Male,White,United Kingdom,United Kingdom,United Kingdom,English,No,Part-Time
67e3a601d52eb7aabf7777b2,67cdf402ec856a05e15d254f,APPROVED,Not Applicable,2025-03-26T07:00:28.490000Z,2025-03-26T07:28:48.595000Z,2025-03-26T07:31:33.065000Z,2025-03-26T07:28:49.710659Z,1701.0,CYZTAQI1,64,English,38,Male,Black,United States,United States,United States,English,Yes,Part-Time
67e3a7a533ce98eb2737cdc3,616dded2a8ebbbcbde301fd9,APPROVED,Not Applicable,2025-03-26T07:07:24.764000Z,2025-03-26T07:29:07.780000Z,2025-03-26T07:31:35.172000Z,2025-03-26T07:29:08.480096Z,1304.0,CYZTAQI1,211,English,34,Female,White,United Kingdom,United Kingdom,United Kingdom,English,No,Part-Time
67e3acba7da2db5a2180e529,65df6496db01100e362d8898,APPROVED,Not Applicable,2025-03-26T07:29:48.361000Z,2025-03-26T07:45:57.296000Z,2025-03-26T08:03:12.841000Z,2025-03-26T07:45:57.971161Z,969.0,CYZTAQI1,1033,English,52,Female,White,South Africa,United Kingdom,United Kingdom,English,No,Full-Time
67e3b7225d93bd651c291346,622a35c96d9060c175184c93,APPROVED,Not Applicable,2025-03-26T08:13:31.900000Z,2025-03-26T08:35:15.696000Z,2025-03-26T08:36:35.129000Z,2025-03-26T08:35:16.286027Z,1304.0,CYZTAQI1,2102,English,63,Female,White,United Kingdom,United Kingdom,United Kingdom,English,No,"Not in paid work (e.g. homemaker', 'retired or disabled)"
67e3b7b37f2cf79dbebfd4e5,66ca2d90ab22cf378a032c83,APPROVED,Not Applicable,2025-03-26T08:15:59.798000Z,2025-03-26T09:01:54.908000Z,2025-03-26T09:03:20.833000Z,2025-03-26T09:01:56.132162Z,2756.0,CYZTAQI1,446,English,31,Female,Mixed,United Kingdom,United Kingdom,United Kingdom,English,No,Full-Time
67e3c3b4275053371f6f7cac,62d6e05aa6e29b6019d107f3,APPROVED,Not Applicable,2025-03-26T09:07:05.058000Z,2025-03-26T09:23:52.778000Z,2025-03-26T09:43:28.646000Z,2025-03-26T09:23:54.272525Z,1008.0,CYZTAQI1,838,English,39,Male,White,United Kingdom,United Kingdom,United Kingdom,English,DATA_EXPIRED,DATA_EXPIRED
